{
  "_generated": "Generated by SweetTooth, do not edit", 
  "description": "Start drawing with Super+Alt+D and save your beautiful work by taking a screenshot\n\nFeatures :\nBasic shapes (rectangle, circle, ellipse, line, curve, text, free)\nSmooth stroke\nDrawing on desktop and persistence\nMulti-monitor support\nExport to SVG", 
  "gettext-domain": "draw-on-your-screen", 
  "name": "Draw On You Screen", 
  "settings-schema": "org.gnome.shell.extensions.draw-on-your-screen", 
  "shell-version": [
    "3.26", 
    "3.28", 
    "3.30", 
    "3.32"
  ], 
  "url": "https://framagit.org/abakkk/DrawOnYourScreen", 
  "uuid": "drawOnYourScreen@abakkk.framagit.org", 
  "version": 4
}